<?xml version="1.0" encoding="UTF-8"?>
<dc xmlns="http://purl.org/dc/elements/1.1/">
  <title>Arithmetic /     </title>
  <creator>
      Sandburg, Carl,
      1878-1967.
    
  </creator>
  <creator>
      Rand, Ted,
      ill.
    
  </creator>
  <type/>
  <publisher>San Diego :Harcourt Brace Jovanovich,</publisher>
  <date>c1993.</date>
  <language>eng</language>
  <description>A poem about numbers and their characteristics. Features anamorphic, or distorted, drawings which can be restored to normal by viewing from a particular angle or by viewing the image's reflection in the provided Mylar cone.</description>
  <description>One Mylar sheet included in pocket.</description>
  <subject>Arithmetic</subject>
  <subject>Children's poetry, American.</subject>
  <subject>Arithmetic</subject>
  <subject>American poetry.</subject>
  <subject>Visual perception.</subject>
</dc>